{
    "2mm": 0.64603998,
    "3mm": 0.7425467099999999,
    "atax": 0.01073592,
    "bicg": 0.0054978299999999996,
    "correlation": 1.6606376999999999,
    "gemm": 0.79595325,
    "gesummv": 0.0050649300000000005,
    "mvt": 0.01067931,
    "symm": 1.69165665,
    "syr2k": 0.9862893899999999,
    "syrk": 0.97749819,
    "trmm": 1.61841663,
    "jacobi-2d": 0.19580733
}