{
    "2mm": 1.6076906999999998,
    "3mm": 1.55569275,
    "atax": 0.10117206,
    "bicg": 0.00960705,
    "correlation": 28.09037484,
    "gemm": 0.78599988,
    "gesummv": 0.00597069,
    "jacobi-2d": 4.19313933,
    "mvt": 0.01605726,
    "symm": 48.16379799,
    "syr2k": 3.85633647,
    "syrk": 3.8563064999999996,
    "trmm": 3.2135698799999997
}