{
    "2mm": 0.81750501,
    "3mm": 0.88599312,
    "atax": 0.06455205,
    "bicg": 0.05896430999999999,
    "correlation": 482.42514528,
    "gemm": 1.17536013,
    "gesummv": 0.02093238,
    "mvt": 0.01671993,
    "symm": 607.39203663,
    "syr2k": 1444.98957066,
    "syrk": 1444.98957066,
    "trmm": 127.87207991999999,
    "jacobi-2d": 35.861439329999996
}