{
    "2mm": 371.98773657,
    "3mm": 607.3922663999999,
    "atax": 4.8624360300000005,
    "bicg": 4.26122784,
    "correlation": 355.12292493,
    "gemm": 105.67488933,
    "gesummv": 1.66511655,
    "jacobi-2d": 215.21490633,
    "mvt": 7.54711866,
    "symm": 238.00177664999998,
    "syr2k": 809.17881453,
    "syrk": 809.17002333,
    "trmm": 1374.62401998
}