{
    "2mm": 50.01245082,
    "3mm": 78.57692775,
    "atax": 3.75482475,
    "bicg": 3.77366256,
    "correlation": 353.65552713,
    "gemm": 35.330663969999996,
    "gesummv": 0.21405239999999998,
    "mvt": 7.49657925,
    "symm": 836.60257998,
    "syr2k": 812.62976346,
    "syrk": 812.6209722599999,
    "trmm": 1374.62401998,
    "jacobi-2d": 129.16338066
}