{
    "2mm": 350.99905626,
    "3mm": 540.78734799,
    "atax": 4.86113733,
    "bicg": 3.78185103,
    "correlation": 180.32370246,
    "gemm": 76.88437533,
    "gesummv": 1.49517333,
    "jacobi-2d": 214.55423433,
    "mvt": 15.00898266,
    "symm": 238.48794333,
    "syr2k": 122.80747293,
    "syrk": 83.32699293,
    "trmm": 802.87765533
}